,P.ID,M.ID,Name,Email,Library,L.M.ID
0,1,1,John smith,john.smith@example.com,Library: Central library (ID: 1),1
1,2,2,Emily clark,emily.clark@example.com,Library: City library (ID: 2),1
2,3,3,Michael johnson,michael.johnson@example.com,Library: Village library (ID: 3),1
3,4,4,Laura wilson,laura.wilson@example.com,Library: Coastal library (ID: 4),1
4,5,5,David brown,david.brown@example.com,Library: Central library (ID: 1),2
5,6,6,Sarah davis,sarah.davis@example.com,Library: City library (ID: 2),2
6,7,7,James lee,james.lee@example.com,Library: Village library (ID: 3),2
7,8,8,Olivia taylor,olivia.taylor@example.com,Library: Coastal library (ID: 4),2
8,9,9,Ethan harris,ethan.harris@example.com,Library: Central library (ID: 1),3
9,10,10,Sophia adams,sophia.adams@example.com,Library: City library (ID: 2),3
10,11,11,Daniel carter,daniel.carter@example.com,Library: Village library (ID: 3),3
11,12,12,Mia walker,mia.walker@example.com,Library: Coastal library (ID: 4),3
12,13,13,Liam perez,liam.perez@example.com,Library: Central library (ID: 1),4
13,14,14,Ava young,ava.young@example.com,Library: City library (ID: 2),4
14,15,15,Noah king,noah.king@example.com,Library: Village library (ID: 3),4
15,16,16,Chloe hill,chloe.hill@example.com,Library: Coastal library (ID: 4),4
16,17,17,Lucas allen,lucas.allen@example.com,Library: Central library (ID: 1),5
17,18,18,Isabella wright,isabella.wright@example.com,Library: City library (ID: 2),5
18,19,19,Benjamin scott,benjamin.scott@example.com,Library: Village library (ID: 3),5
19,20,20,Amelia torres,amelia.torres@example.com,Library: Coastal library (ID: 4),5
