EmployeeID,Name,Age,Department,Position,Salary,JoiningDate,Location,Experience,Performance,Gender,LeavesTaken,ProjectsHandled,RemoteWork
1,Employee_1,50,Finance,Executive,72254,2010-01-31,London,29,Good,Other,29,7,Yes
2,Employee_2,36,Finance,Assistant,87362,2010-02-28,Toronto,3,Excellent,Female,3,7,No
3,Employee_3,29,Finance,Manager,60128,2010-03-31,Sydney,34,Excellent,Male,1,4,Yes
4,Employee_4,42,HR,Manager,99383,2010-04-30,Berlin,27,Average,Female,19,13,Yes
5,Employee_5,40,HR,Engineer,105545,2010-05-31,New York,13,Average,Other,15,14,No
6,Employee_6,44,HR,Assistant,49865,2010-06-30,Toronto,33,Good,Female,27,3,Yes
7,Employee_7,32,IT,Executive,42219,2010-07-31,Berlin,6,Excellent,Male,17,8,Yes
8,Employee_8,32,Support,Manager,79809,2010-08-31,London,24,Excellent,Other,7,5,Yes
9,Employee_9,45,Sales,Executive,45287,2010-09-30,Tokyo,19,Average,Female,2,10,Yes
10,Employee_10,57,Finance,Manager,74387,2010-10-31,Sydney,16,Excellent,Male,8,7,No
11,Employee_11,45,Finance,Manager,48512,2010-11-30,New York,28,Excellent,Other,28,4,No
12,Employee_12,24,IT,Manager,41342,2010-12-31,Sydney,33,Excellent,Male,19,4,No
13,Employee_13,43,Finance,Assistant,103076,2011-01-31,London,13,Average,Other,28,8,No
14,Employee_14,23,HR,Analyst,59216,2011-02-28,Sydney,25,Good,Female,5,14,No
15,Employee_15,45,Sales,Executive,119767,2011-03-31,New York,27,Poor,Male,9,8,No
16,Employee_16,51,Marketing,Assistant,66614,2011-04-30,London,7,Good,Other,20,2,No
17,Employee_17,59,Finance,Assistant,76258,2011-05-31,Sydney,5,Poor,Male,9,14,No
18,Employee_18,23,HR,Assistant,82078,2011-06-30,Tokyo,31,Excellent,Male,12,2,No
19,Employee_19,42,Marketing,Assistant,52219,2011-07-31,Toronto,23,Good,Female,16,3,No
20,Employee_20,54,Sales,Assistant,40235,2011-08-31,London,10,Poor,Male,8,12,Yes
21,Employee_21,33,Marketing,Engineer,82929,2011-09-30,Toronto,32,Average,Other,16,12,No
22,Employee_22,43,HR,Executive,107444,2011-10-31,London,30,Average,Other,23,3,Yes
23,Employee_23,46,Support,Assistant,48567,2011-11-30,Tokyo,31,Good,Other,8,1,Yes
24,Employee_24,48,Support,Executive,110792,2011-12-31,Toronto,18,Good,Other,8,14,Yes
25,Employee_25,49,Marketing,Engineer,105441,2012-01-31,Berlin,2,Excellent,Female,0,3,Yes
26,Employee_26,37,IT,Engineer,113698,2012-02-29,New York,14,Good,Male,1,6,No
27,Employee_27,36,Marketing,Executive,45415,2012-03-31,Berlin,13,Excellent,Female,27,8,Yes
28,Employee_28,24,Finance,Manager,76159,2012-04-30,Sydney,29,Excellent,Male,15,13,No
29,Employee_29,58,Finance,Analyst,83925,2012-05-31,Tokyo,12,Average,Male,28,12,No
30,Employee_30,28,Support,Manager,45951,2012-06-30,Berlin,2,Average,Male,0,14,Yes
31,Employee_31,42,IT,Manager,48007,2012-07-31,London,32,Poor,Female,9,10,No
32,Employee_32,30,HR,Manager,81832,2012-08-31,Sydney,13,Average,Male,17,6,Yes
33,Employee_33,39,Finance,Assistant,98596,2012-09-30,Sydney,27,Average,Female,25,5,Yes
34,Employee_34,25,Support,Engineer,70523,2012-10-31,Berlin,17,Good,Other,27,4,No
35,Employee_35,46,Sales,Manager,55524,2012-11-30,Berlin,31,Average,Other,7,3,No
36,Employee_36,35,Support,Engineer,59282,2012-12-31,Tokyo,34,Poor,Male,20,13,Yes
37,Employee_37,30,Finance,Executive,63930,2013-01-31,New York,24,Good,Female,27,4,No
38,Employee_38,47,Finance,Analyst,40077,2013-02-28,Berlin,6,Poor,Other,10,14,No
39,Employee_39,23,Support,Executive,60611,2013-03-31,Berlin,19,Average,Female,22,7,No
40,Employee_40,41,HR,Executive,56984,2013-04-30,Toronto,30,Poor,Female,1,1,Yes
41,Employee_41,49,Marketing,Assistant,54060,2013-05-31,London,7,Good,Male,7,7,Yes
42,Employee_42,28,Finance,Analyst,83303,2013-06-30,Toronto,10,Excellent,Other,26,1,No
43,Employee_43,29,Support,Executive,99207,2013-07-31,Toronto,32,Poor,Male,21,2,No
44,Employee_44,56,Support,Executive,115046,2013-08-31,Sydney,34,Poor,Male,7,4,No
45,Employee_45,35,IT,Analyst,69287,2013-09-30,New York,28,Good,Other,16,1,No
46,Employee_46,38,Marketing,Analyst,79711,2013-10-31,London,15,Good,Other,14,11,No
47,Employee_47,57,Sales,Executive,51954,2013-11-30,Tokyo,30,Poor,Female,16,12,Yes
48,Employee_48,25,HR,Analyst,113340,2013-12-31,Tokyo,29,Average,Other,27,11,No
49,Employee_49,23,Sales,Executive,112101,2014-01-31,Berlin,22,Poor,Female,22,11,Yes
50,Employee_50,27,Marketing,Executive,111520,2014-02-28,Berlin,4,Good,Female,23,9,No
51,Employee_51,25,Marketing,Assistant,58574,2014-03-31,Tokyo,20,Excellent,Female,12,12,Yes
52,Employee_52,50,Marketing,Manager,49184,2014-04-30,Berlin,32,Excellent,Other,18,6,No
53,Employee_53,39,Sales,Executive,59096,2014-05-31,New York,4,Average,Male,4,13,Yes
54,Employee_54,47,Marketing,Engineer,107728,2014-06-30,Toronto,27,Poor,Female,11,1,No
55,Employee_55,55,Support,Manager,74016,2014-07-31,Berlin,17,Excellent,Male,0,1,Yes
56,Employee_56,31,Sales,Manager,51246,2014-08-31,Sydney,12,Poor,Male,22,6,Yes
57,Employee_57,57,Marketing,Manager,85558,2014-09-30,Berlin,22,Good,Other,4,4,Yes
58,Employee_58,35,Support,Assistant,58381,2014-10-31,London,17,Excellent,Male,7,4,Yes
59,Employee_59,52,IT,Executive,76455,2014-11-30,New York,10,Average,Male,12,11,Yes
60,Employee_60,36,Marketing,Assistant,44018,2014-12-31,London,1,Good,Other,7,6,Yes
61,Employee_61,29,Sales,Executive,51302,2015-01-31,London,22,Average,Female,24,14,No
62,Employee_62,35,Finance,Assistant,107506,2015-02-28,Sydney,26,Good,Male,22,12,Yes
63,Employee_63,44,Marketing,Assistant,81157,2015-03-31,New York,18,Excellent,Other,10,11,No
64,Employee_64,42,Finance,Engineer,94917,2015-04-30,New York,14,Average,Male,0,7,No
65,Employee_65,37,Support,Assistant,64519,2015-05-31,New York,29,Average,Male,12,9,No
66,Employee_66,39,IT,Analyst,96819,2015-06-30,New York,12,Good,Female,18,10,No
67,Employee_67,45,HR,Engineer,111324,2015-07-31,New York,12,Average,Male,23,5,No
68,Employee_68,47,IT,Assistant,45408,2015-08-31,Sydney,7,Good,Other,2,9,Yes
69,Employee_69,46,Marketing,Manager,99379,2015-09-30,Berlin,29,Good,Male,23,4,Yes
70,Employee_70,50,Finance,Analyst,65053,2015-10-31,London,11,Good,Female,16,13,Yes
71,Employee_71,36,Finance,Analyst,49446,2015-11-30,New York,33,Good,Female,4,10,No
72,Employee_72,22,Sales,Analyst,40922,2015-12-31,Berlin,6,Excellent,Other,19,2,Yes
73,Employee_73,46,Finance,Engineer,91356,2016-01-31,Berlin,15,Good,Female,20,3,Yes
74,Employee_74,28,Sales,Assistant,50789,2016-02-29,London,32,Poor,Male,7,13,Yes
75,Employee_75,30,Support,Assistant,106656,2016-03-31,Sydney,11,Average,Female,25,11,Yes
76,Employee_76,45,HR,Manager,84028,2016-04-30,Tokyo,23,Poor,Other,13,1,Yes
77,Employee_77,22,Marketing,Manager,104484,2016-05-31,Tokyo,26,Excellent,Female,3,14,No
78,Employee_78,29,Sales,Analyst,72154,2016-06-30,Berlin,34,Poor,Female,10,14,Yes
79,Employee_79,45,HR,Manager,42336,2016-07-31,Toronto,34,Average,Female,19,6,No
80,Employee_80,32,Finance,Engineer,107779,2016-08-31,Toronto,29,Poor,Other,14,13,No
81,Employee_81,38,Finance,Assistant,59029,2016-09-30,London,4,Excellent,Female,18,6,No
82,Employee_82,29,HR,Analyst,99201,2016-10-31,Tokyo,17,Good,Female,6,1,No
83,Employee_83,56,Finance,Manager,72265,2016-11-30,Berlin,13,Poor,Male,18,11,No
84,Employee_84,56,Support,Engineer,83872,2016-12-31,Sydney,15,Excellent,Other,27,13,Yes
85,Employee_85,54,Support,Engineer,86197,2017-01-31,Tokyo,29,Excellent,Female,18,3,Yes
86,Employee_86,26,HR,Manager,95180,2017-02-28,Berlin,29,Average,Other,10,5,Yes
87,Employee_87,49,Sales,Assistant,63710,2017-03-31,Berlin,11,Average,Female,25,3,No
88,Employee_88,28,Sales,Manager,69486,2017-04-30,New York,32,Poor,Female,4,10,Yes
89,Employee_89,30,HR,Analyst,111907,2017-05-31,Sydney,2,Good,Female,4,3,Yes
90,Employee_90,29,Sales,Manager,111895,2017-06-30,New York,14,Excellent,Male,29,14,No
91,Employee_91,33,Sales,Engineer,104435,2017-07-31,London,20,Poor,Male,21,10,No
92,Employee_92,55,Support,Manager,80631,2017-08-31,New York,22,Excellent,Male,7,3,No
93,Employee_93,54,Sales,Assistant,60103,2017-09-30,New York,11,Excellent,Other,9,5,No
94,Employee_94,44,IT,Executive,104772,2017-10-31,Tokyo,27,Good,Other,5,13,Yes
95,Employee_95,45,Marketing,Manager,54382,2017-11-30,Toronto,3,Good,Male,14,5,No
96,Employee_96,58,Finance,Assistant,43756,2017-12-31,Berlin,17,Poor,Other,15,4,No
97,Employee_97,56,IT,Assistant,60609,2018-01-31,Sydney,28,Good,Female,27,1,Yes
98,Employee_98,43,Sales,Engineer,56478,2018-02-28,New York,29,Good,Female,16,5,Yes
99,Employee_99,48,Support,Assistant,79666,2018-03-31,Sydney,21,Poor,Female,7,10,No
100,Employee_100,56,HR,Assistant,115683,2018-04-30,Toronto,16,Good,Male,7,5,Yes
101,Employee_101,22,Sales,Assistant,111315,2018-05-31,Toronto,20,Average,Other,24,4,No
102,Employee_102,56,Support,Assistant,117834,2018-06-30,New York,6,Excellent,Male,8,6,No
103,Employee_103,58,Marketing,Analyst,54153,2018-07-31,London,19,Excellent,Other,1,10,Yes
104,Employee_104,35,Sales,Analyst,116325,2018-08-31,New York,5,Excellent,Female,14,4,Yes
105,Employee_105,24,HR,Engineer,52999,2018-09-30,Tokyo,3,Excellent,Male,17,14,No
106,Employee_106,22,Support,Manager,95318,2018-10-31,Berlin,1,Poor,Other,2,7,No
107,Employee_107,26,Support,Assistant,40814,2018-11-30,London,15,Excellent,Other,16,7,No
108,Employee_108,47,Support,Manager,116077,2018-12-31,New York,34,Excellent,Female,3,2,Yes
109,Employee_109,35,Marketing,Manager,42443,2019-01-31,Sydney,25,Excellent,Male,29,3,No
110,Employee_110,48,Sales,Engineer,115993,2019-02-28,London,24,Excellent,Male,3,1,No
111,Employee_111,30,Marketing,Assistant,115916,2019-03-31,London,12,Average,Male,13,8,No
112,Employee_112,36,Finance,Assistant,113319,2019-04-30,New York,18,Excellent,Female,8,9,No
113,Employee_113,36,Finance,Executive,57368,2019-05-31,London,15,Average,Male,8,4,No
114,Employee_114,47,Sales,Manager,55328,2019-06-30,Sydney,16,Poor,Female,24,6,Yes
115,Employee_115,34,Marketing,Manager,96942,2019-07-31,Toronto,27,Good,Female,25,9,No
116,Employee_116,53,HR,Analyst,67306,2019-08-31,London,8,Excellent,Female,22,6,No
117,Employee_117,53,Support,Executive,79915,2019-09-30,Toronto,25,Good,Other,29,14,No
118,Employee_118,25,Support,Analyst,77219,2019-10-31,Sydney,17,Good,Male,17,12,No
119,Employee_119,51,Sales,Analyst,104644,2019-11-30,New York,29,Poor,Male,9,12,Yes
120,Employee_120,58,Finance,Analyst,100279,2019-12-31,Berlin,8,Good,Female,20,12,Yes
121,Employee_121,44,Finance,Engineer,93028,2020-01-31,London,15,Average,Female,3,9,Yes
122,Employee_122,36,Support,Engineer,40126,2020-02-29,Berlin,27,Good,Male,11,4,No
123,Employee_123,50,Sales,Analyst,92329,2020-03-31,Sydney,7,Good,Female,26,8,No
124,Employee_124,57,Marketing,Executive,67632,2020-04-30,London,3,Good,Male,7,9,Yes
125,Employee_125,34,Finance,Manager,105310,2020-05-31,Toronto,29,Excellent,Other,1,4,Yes
126,Employee_126,53,Marketing,Executive,95176,2020-06-30,Tokyo,24,Excellent,Female,21,5,Yes
127,Employee_127,28,Finance,Assistant,84327,2020-07-31,Berlin,3,Average,Male,12,14,No
128,Employee_128,43,Finance,Engineer,108904,2020-08-31,London,20,Average,Female,20,8,No
129,Employee_129,49,IT,Manager,43797,2020-09-30,Berlin,15,Excellent,Male,15,12,Yes
130,Employee_130,23,Finance,Manager,87882,2020-10-31,London,25,Average,Male,27,10,Yes
131,Employee_131,27,HR,Assistant,53718,2020-11-30,New York,30,Excellent,Female,1,14,Yes
132,Employee_132,49,Sales,Assistant,74560,2020-12-31,Toronto,14,Poor,Other,10,6,No
133,Employee_133,49,Sales,Analyst,116589,2021-01-31,Berlin,7,Good,Male,9,12,No
134,Employee_134,41,Marketing,Engineer,62116,2021-02-28,Tokyo,17,Good,Male,14,7,No
135,Employee_135,51,Finance,Engineer,76244,2021-03-31,Tokyo,20,Average,Male,16,3,Yes
136,Employee_136,32,HR,Executive,41645,2021-04-30,Sydney,9,Excellent,Other,7,7,Yes
137,Employee_137,49,Marketing,Analyst,87523,2021-05-31,London,22,Excellent,Other,17,12,No
138,Employee_138,46,IT,Analyst,59256,2021-06-30,Berlin,2,Average,Female,22,14,Yes
139,Employee_139,54,Marketing,Analyst,93173,2021-07-31,Sydney,24,Excellent,Other,8,8,No
140,Employee_140,22,Marketing,Analyst,77430,2021-08-31,Berlin,8,Poor,Female,24,10,Yes
141,Employee_141,48,Finance,Engineer,79282,2021-09-30,London,11,Good,Female,7,6,Yes
142,Employee_142,34,IT,Engineer,103374,2021-10-31,Tokyo,13,Average,Other,26,10,Yes
143,Employee_143,24,Marketing,Analyst,108244,2021-11-30,New York,17,Average,Female,13,9,Yes
144,Employee_144,27,HR,Executive,51694,2021-12-31,Tokyo,8,Excellent,Other,27,13,No
145,Employee_145,29,HR,Manager,96264,2022-01-31,Sydney,21,Average,Female,25,6,Yes
146,Employee_146,48,Sales,Manager,115060,2022-02-28,Toronto,18,Poor,Other,24,12,No
147,Employee_147,30,IT,Executive,97545,2022-03-31,New York,30,Excellent,Other,17,9,No
148,Employee_148,58,IT,Analyst,79224,2022-04-30,Sydney,18,Excellent,Female,21,13,No
149,Employee_149,54,Sales,Engineer,53224,2022-05-31,London,31,Excellent,Male,19,4,Yes
150,Employee_150,45,Marketing,Manager,80738,2022-06-30,New York,32,Excellent,Female,29,8,No
151,Employee_151,36,IT,Assistant,65150,2022-07-31,Sydney,11,Poor,Other,19,11,No
152,Employee_152,53,HR,Assistant,103731,2022-08-31,London,25,Excellent,Male,20,4,No
153,Employee_153,53,HR,Executive,89688,2022-09-30,Tokyo,33,Average,Female,11,2,Yes
154,Employee_154,45,Finance,Analyst,113509,2022-10-31,Toronto,8,Poor,Female,18,10,Yes
155,Employee_155,33,IT,Manager,48577,2022-11-30,London,11,Good,Female,13,11,No
156,Employee_156,23,Marketing,Analyst,48070,2022-12-31,Berlin,22,Good,Male,16,9,Yes
157,Employee_157,24,Sales,Manager,48666,2023-01-31,London,24,Average,Other,23,5,No
158,Employee_158,58,Sales,Executive,97761,2023-02-28,London,17,Average,Female,20,4,No
159,Employee_159,38,Marketing,Executive,76368,2023-03-31,Toronto,12,Poor,Female,2,2,Yes
160,Employee_160,23,Support,Assistant,46783,2023-04-30,Berlin,32,Good,Female,25,1,No
161,Employee_161,23,Finance,Analyst,81914,2023-05-31,Sydney,15,Good,Female,29,11,Yes
162,Employee_162,49,Sales,Assistant,110507,2023-06-30,Sydney,16,Good,Female,22,7,Yes
163,Employee_163,44,IT,Analyst,119026,2023-07-31,London,22,Good,Other,6,6,No
164,Employee_164,58,Finance,Assistant,107526,2023-08-31,Berlin,28,Good,Other,16,2,Yes
165,Employee_165,53,IT,Engineer,110835,2023-09-30,Berlin,20,Excellent,Female,11,8,Yes
166,Employee_166,54,HR,Engineer,85765,2023-10-31,Toronto,33,Average,Male,8,11,No
167,Employee_167,22,Finance,Engineer,59956,2023-11-30,Tokyo,10,Excellent,Other,14,4,No
168,Employee_168,40,Sales,Engineer,86240,2023-12-31,Sydney,32,Good,Male,17,8,Yes
169,Employee_169,23,Finance,Manager,77148,2024-01-31,Toronto,33,Poor,Other,20,7,Yes
170,Employee_170,47,Finance,Engineer,44757,2024-02-29,New York,2,Poor,Female,12,5,No
171,Employee_171,53,Finance,Executive,59097,2024-03-31,Sydney,33,Good,Other,29,10,Yes
172,Employee_172,27,Support,Executive,50395,2024-04-30,Toronto,33,Good,Female,20,10,Yes
173,Employee_173,53,Finance,Manager,56241,2024-05-31,Sydney,13,Poor,Other,29,12,Yes
174,Employee_174,25,IT,Engineer,67696,2024-06-30,Tokyo,30,Excellent,Female,7,8,Yes
175,Employee_175,32,HR,Engineer,110480,2024-07-31,New York,33,Excellent,Female,13,14,Yes
176,Employee_176,38,Marketing,Engineer,86163,2024-08-31,Tokyo,13,Good,Female,7,9,Yes
177,Employee_177,59,Finance,Assistant,59816,2024-09-30,New York,26,Excellent,Female,13,5,Yes
178,Employee_178,45,Sales,Analyst,89840,2024-10-31,London,22,Poor,Male,6,10,No
179,Employee_179,26,Finance,Assistant,92853,2024-11-30,Toronto,2,Excellent,Female,22,5,No
180,Employee_180,55,Sales,Analyst,64917,2024-12-31,New York,26,Good,Male,11,2,No
181,Employee_181,27,IT,Engineer,61566,2025-01-31,Tokyo,15,Poor,Male,10,5,No
182,Employee_182,43,Sales,Engineer,115452,2025-02-28,Sydney,34,Excellent,Female,21,3,No
183,Employee_183,32,Marketing,Assistant,102823,2025-03-31,New York,11,Average,Male,21,7,Yes
184,Employee_184,37,HR,Assistant,60806,2025-04-30,Toronto,3,Poor,Other,10,10,Yes
185,Employee_185,54,Sales,Analyst,115520,2025-05-31,New York,6,Poor,Female,24,5,Yes
186,Employee_186,30,Sales,Executive,41759,2025-06-30,Berlin,9,Average,Male,21,8,Yes
187,Employee_187,27,HR,Analyst,81949,2025-07-31,Sydney,6,Average,Female,27,1,No
188,Employee_188,37,Marketing,Assistant,42482,2025-08-31,Toronto,9,Poor,Female,28,3,Yes
189,Employee_189,50,Finance,Assistant,64442,2025-09-30,Toronto,31,Average,Female,12,3,Yes
190,Employee_190,24,Sales,Manager,73719,2025-10-31,London,32,Good,Male,17,9,No
191,Employee_191,41,HR,Assistant,98066,2025-11-30,Tokyo,12,Good,Other,1,5,Yes
192,Employee_192,57,IT,Manager,42079,2025-12-31,London,8,Good,Other,28,12,Yes
193,Employee_193,40,HR,Executive,42717,2026-01-31,Toronto,8,Poor,Male,20,9,No
194,Employee_194,47,IT,Analyst,99676,2026-02-28,Sydney,28,Average,Female,14,13,Yes
195,Employee_195,24,Marketing,Analyst,67952,2026-03-31,New York,20,Average,Male,19,9,Yes
196,Employee_196,40,Finance,Manager,82460,2026-04-30,New York,7,Excellent,Male,26,1,Yes
197,Employee_197,41,HR,Analyst,112847,2026-05-31,Sydney,11,Excellent,Male,17,2,Yes
198,Employee_198,53,Support,Assistant,58449,2026-06-30,Toronto,20,Average,Female,14,5,Yes
199,Employee_199,28,Sales,Engineer,73536,2026-07-31,New York,16,Average,Male,18,4,No
200,Employee_200,54,Marketing,Manager,104077,2026-08-31,New York,4,Average,Female,22,10,No
201,Employee_201,39,HR,Analyst,78258,2026-09-30,New York,6,Poor,Male,23,9,No
202,Employee_202,22,Sales,Manager,88302,2026-10-31,Tokyo,22,Average,Other,11,7,No
203,Employee_203,32,HR,Manager,68865,2026-11-30,Tokyo,26,Excellent,Male,12,6,No
204,Employee_204,49,IT,Engineer,46645,2026-12-31,Berlin,3,Poor,Male,21,7,No
205,Employee_205,46,HR,Assistant,78000,2027-01-31,London,14,Average,Other,10,1,Yes
206,Employee_206,44,Support,Manager,66737,2027-02-28,Sydney,11,Excellent,Female,4,1,No
207,Employee_207,52,HR,Analyst,51485,2027-03-31,Sydney,18,Poor,Female,28,8,No
208,Employee_208,51,HR,Executive,78565,2027-04-30,Sydney,12,Average,Male,0,13,Yes
209,Employee_209,56,Support,Manager,65522,2027-05-31,Berlin,23,Average,Other,23,13,Yes
210,Employee_210,28,Marketing,Manager,105155,2027-06-30,Tokyo,12,Average,Female,2,2,No
211,Employee_211,37,HR,Engineer,95168,2027-07-31,Toronto,13,Poor,Male,21,12,Yes
212,Employee_212,47,Support,Assistant,92487,2027-08-31,Toronto,25,Excellent,Other,18,10,No
213,Employee_213,23,Sales,Executive,52342,2027-09-30,Berlin,19,Excellent,Female,22,11,Yes
214,Employee_214,22,IT,Analyst,80806,2027-10-31,Toronto,8,Good,Female,28,9,No
215,Employee_215,33,IT,Executive,88770,2027-11-30,Sydney,29,Average,Other,29,7,Yes
216,Employee_216,26,HR,Analyst,118623,2027-12-31,London,32,Good,Other,6,6,Yes
217,Employee_217,58,Marketing,Assistant,115629,2028-01-31,New York,18,Good,Other,11,1,No
218,Employee_218,53,Marketing,Analyst,92603,2028-02-29,Tokyo,6,Excellent,Other,14,1,No
219,Employee_219,30,Sales,Engineer,66399,2028-03-31,Tokyo,18,Poor,Male,24,2,No
220,Employee_220,56,HR,Engineer,116534,2028-04-30,Berlin,19,Poor,Other,4,6,No
221,Employee_221,40,IT,Engineer,95106,2028-05-31,Tokyo,22,Excellent,Female,14,14,No
222,Employee_222,37,Marketing,Engineer,70678,2028-06-30,Sydney,32,Poor,Female,7,6,Yes
223,Employee_223,24,HR,Executive,116218,2028-07-31,Toronto,3,Good,Male,9,2,No
224,Employee_224,41,Marketing,Assistant,103230,2028-08-31,Sydney,28,Average,Female,25,1,No
225,Employee_225,45,Support,Analyst,114055,2028-09-30,Berlin,10,Excellent,Female,15,10,Yes
226,Employee_226,54,Marketing,Analyst,96373,2028-10-31,Sydney,29,Average,Other,7,5,Yes
227,Employee_227,45,IT,Engineer,71480,2028-11-30,Toronto,15,Poor,Female,0,5,No
228,Employee_228,32,Finance,Engineer,108836,2028-12-31,London,33,Average,Male,11,2,Yes
229,Employee_229,29,Sales,Manager,112258,2029-01-31,Berlin,7,Poor,Other,4,6,Yes
230,Employee_230,57,Sales,Assistant,79986,2029-02-28,London,12,Poor,Other,2,9,No
231,Employee_231,59,IT,Executive,64160,2029-03-31,New York,30,Good,Male,0,2,Yes
232,Employee_232,41,Marketing,Analyst,119111,2029-04-30,London,21,Poor,Other,3,10,Yes
233,Employee_233,56,HR,Manager,104929,2029-05-31,New York,31,Good,Other,7,2,No
234,Employee_234,46,Marketing,Manager,113506,2029-06-30,New York,24,Good,Male,2,3,No
235,Employee_235,56,IT,Analyst,74911,2029-07-31,London,20,Good,Other,9,13,Yes
236,Employee_236,46,Sales,Executive,71821,2029-08-31,Berlin,4,Excellent,Male,1,7,Yes
237,Employee_237,50,Marketing,Manager,115039,2029-09-30,Toronto,28,Excellent,Male,10,6,No
238,Employee_238,39,Sales,Manager,100535,2029-10-31,Sydney,20,Poor,Female,24,12,Yes
239,Employee_239,39,HR,Assistant,52175,2029-11-30,Sydney,24,Good,Female,9,8,Yes
240,Employee_240,23,Sales,Executive,94771,2029-12-31,Toronto,32,Excellent,Other,20,8,Yes
241,Employee_241,56,Sales,Manager,106358,2030-01-31,New York,34,Good,Other,13,6,No
242,Employee_242,37,Finance,Executive,57327,2030-02-28,New York,2,Average,Male,6,12,Yes
243,Employee_243,57,Finance,Analyst,87057,2030-03-31,Berlin,15,Average,Other,26,11,Yes
244,Employee_244,54,Support,Engineer,46150,2030-04-30,Tokyo,34,Average,Male,26,10,No
245,Employee_245,25,Finance,Manager,44425,2030-05-31,London,6,Poor,Male,1,3,Yes
246,Employee_246,54,Sales,Assistant,56032,2030-06-30,New York,12,Good,Other,8,3,Yes
247,Employee_247,35,IT,Analyst,42198,2030-07-31,Sydney,3,Average,Male,15,1,No
248,Employee_248,42,Sales,Executive,100500,2030-08-31,Berlin,18,Excellent,Female,12,7,No
249,Employee_249,41,IT,Analyst,93394,2030-09-30,London,21,Average,Other,8,5,No
250,Employee_250,29,IT,Manager,60079,2030-10-31,Berlin,15,Average,Female,19,4,No
251,Employee_251,28,Finance,Executive,76220,2030-11-30,London,33,Average,Other,3,10,Yes
252,Employee_252,24,Marketing,Engineer,81874,2030-12-31,London,26,Poor,Male,21,4,Yes
253,Employee_253,38,HR,Analyst,53859,2031-01-31,Toronto,8,Excellent,Other,9,14,No
254,Employee_254,54,Finance,Manager,90460,2031-02-28,New York,30,Good,Female,25,4,No
255,Employee_255,33,Finance,Assistant,71419,2031-03-31,Berlin,23,Excellent,Male,25,6,Yes
256,Employee_256,43,Marketing,Executive,48705,2031-04-30,Berlin,14,Good,Other,21,8,No
257,Employee_257,43,HR,Analyst,82880,2031-05-31,Toronto,14,Poor,Other,11,8,Yes
258,Employee_258,51,Sales,Analyst,63236,2031-06-30,Sydney,2,Poor,Other,16,5,No
259,Employee_259,59,Support,Engineer,55358,2031-07-31,Sydney,5,Poor,Female,13,6,Yes
260,Employee_260,59,Support,Engineer,116918,2031-08-31,New York,14,Poor,Female,13,4,No
261,Employee_261,29,Sales,Assistant,54596,2031-09-30,New York,25,Good,Other,24,12,No
262,Employee_262,48,Finance,Assistant,73572,2031-10-31,Tokyo,20,Average,Male,1,14,Yes
263,Employee_263,48,HR,Manager,118757,2031-11-30,Toronto,2,Good,Male,20,11,No
264,Employee_264,55,Finance,Manager,41279,2031-12-31,Sydney,6,Excellent,Female,24,13,Yes
265,Employee_265,42,IT,Assistant,103197,2032-01-31,London,17,Poor,Male,19,9,Yes
266,Employee_266,51,Finance,Assistant,102516,2032-02-29,Berlin,25,Poor,Female,10,8,Yes
267,Employee_267,54,Finance,Executive,47083,2032-03-31,New York,28,Excellent,Other,15,10,Yes
268,Employee_268,49,Sales,Engineer,57771,2032-04-30,Berlin,2,Good,Female,18,12,Yes
269,Employee_269,54,Sales,Manager,69975,2032-05-31,Berlin,5,Average,Female,22,10,No
270,Employee_270,26,Sales,Engineer,85648,2032-06-30,Tokyo,1,Average,Other,5,1,No
271,Employee_271,40,Support,Engineer,88285,2032-07-31,Sydney,12,Excellent,Male,23,2,Yes
272,Employee_272,25,IT,Assistant,59063,2032-08-31,New York,23,Average,Female,18,9,No
273,Employee_273,56,Sales,Executive,107642,2032-09-30,Berlin,31,Good,Female,4,8,Yes
274,Employee_274,38,HR,Analyst,77599,2032-10-31,New York,11,Good,Other,25,14,No
275,Employee_275,49,Support,Executive,91920,2032-11-30,London,10,Excellent,Male,3,3,No
276,Employee_276,51,Marketing,Executive,68529,2032-12-31,Tokyo,3,Good,Female,14,8,No
277,Employee_277,50,HR,Engineer,75954,2033-01-31,London,14,Poor,Other,28,12,No
278,Employee_278,27,HR,Executive,67856,2033-02-28,New York,16,Excellent,Female,3,1,Yes
279,Employee_279,56,Sales,Manager,42573,2033-03-31,New York,10,Good,Other,19,10,Yes
280,Employee_280,58,Marketing,Engineer,118344,2033-04-30,Sydney,29,Excellent,Male,9,4,No
281,Employee_281,45,Marketing,Manager,75367,2033-05-31,Berlin,10,Average,Male,23,3,No
282,Employee_282,50,Support,Analyst,100774,2033-06-30,Berlin,12,Good,Male,21,6,Yes
283,Employee_283,52,Marketing,Engineer,63752,2033-07-31,London,30,Poor,Male,2,7,No
284,Employee_284,56,IT,Analyst,95029,2033-08-31,Tokyo,1,Good,Female,25,4,Yes
285,Employee_285,54,Sales,Engineer,57685,2033-09-30,Toronto,5,Excellent,Female,4,7,Yes
286,Employee_286,42,Marketing,Assistant,91693,2033-10-31,Berlin,20,Excellent,Male,5,9,Yes
287,Employee_287,53,Support,Executive,95961,2033-11-30,Sydney,8,Good,Male,20,11,No
288,Employee_288,44,IT,Assistant,116908,2033-12-31,London,12,Poor,Male,21,2,Yes
289,Employee_289,54,Finance,Analyst,114532,2034-01-31,London,1,Poor,Female,7,11,No
290,Employee_290,24,Finance,Executive,96133,2034-02-28,Toronto,20,Poor,Male,6,3,Yes
291,Employee_291,39,IT,Engineer,101268,2034-03-31,Sydney,28,Excellent,Male,20,5,No
292,Employee_292,46,Support,Executive,78243,2034-04-30,Tokyo,12,Good,Male,9,3,No
293,Employee_293,52,IT,Manager,97384,2034-05-31,Sydney,28,Average,Other,5,11,No
294,Employee_294,24,Sales,Executive,71653,2034-06-30,Tokyo,15,Excellent,Male,13,8,Yes
295,Employee_295,45,Sales,Manager,66657,2034-07-31,Sydney,6,Poor,Other,3,12,Yes
296,Employee_296,53,Finance,Executive,79952,2034-08-31,Sydney,20,Good,Other,27,10,No
297,Employee_297,43,Marketing,Manager,62180,2034-09-30,New York,14,Poor,Male,24,8,No
298,Employee_298,44,Support,Analyst,118411,2034-10-31,London,2,Average,Other,12,8,No
299,Employee_299,23,Finance,Assistant,41622,2034-11-30,Sydney,9,Poor,Male,19,12,Yes
300,Employee_300,48,Marketing,Engineer,88756,2034-12-31,Toronto,20,Poor,Female,16,12,Yes
